Workbook

Sheet Instructions
A1: Third-Party Vendor Risk Assessment Worksheet — Instructions
A4: 1. Go to the 'Vendor Risk Assessment' tab and fill in the vendor info block at the top (name, date, assessor, contract dates).
A5: 2. For each question, select a Risk Rating from 1 (low risk) to 5 (critical risk) using the dropdown in column C.
A6: Refer to the 'Scoring Reference' tab for the definition of each rating level.
A7: 3. Use the Assessor Notes / Evidence column to record what supports the rating (e.g., SOC 2 report reviewed, questionnaire response).
A8: 4. The Weight and Weighted Score columns calculate automatically — do not edit them.
A9: 5. The Summary section at the bottom of the assessment tab automatically calculates:
A10: - Average rating per category
A11: - Overall weighted risk score (1-5 scale)
A12: - Resulting Risk Tier (Low / Medium / High / Critical), color-coded
A13: 6. Category weights and tier thresholds can be recalibrated on the 'Scoring Reference' tab if your organization's
A14: methodology differs — weights must sum to 100%.
... A19: tool, not a substitute for independent verification (e.g., reviewing actual SOC reports, contracts, and financial filings).

Sheet Scoring Reference
A1: Scoring Reference (do not edit unless recalibrating methodology)
A3: Category Weights
A4: Security | B4: 0.3
A5: Data Sensitivity / Compliance | B5: 0.25
A6: Operational / Business Continuity | B6: 0.2
A7: Financial Stability | B7: 0.15
A8: Reputational | B8: 0.1
A9: Total | B9: =SUM(B4:B8) -> 1
A11: Risk Rating Scale (per question)
A12: 1 | B12: Low risk — fully meets expectation
A13: 2 | B13: Low-Moderate risk — minor gap
A14: 3 | B14: Moderate risk — partial gap, needs follow-up
A15: 4 | B15: High risk — significant gap
A16: 5 | B16: Critical risk — control absent or unknown
A18: Overall Risk Tier Thresholds (weighted score, 1-5 scale)
A19: Min Score | B19: Max Score | C19: Tier
A20: 1 | B20: 1.79 | C20: Low
A21: 1.8 | B21: 2.59 | C21: Medium
A22: 2.6 | B22: 3.79 | C22: High
A23: 3.8 | B23: 5 | C23: Critical

Sheet Vendor Risk Assessment
A1: Third-Party Vendor Risk Assessment Worksheet
A3: Vendor Name:
A4: Assessment Date:
A5: Assessed By:
A6: Vendor Risk Tier (preliminary):
A7: Contract / Renewal Date:
A9: Q# | B9: Question | C9: Risk Rating (1-5) | D9: Weight (auto) | E9: Weighted Score | F9: Assessor Notes / Evidence
A10: Security
A11: 1 | B11: Does the vendor have a formal, documented information security policy? | C11: 3 | D11: ='Scoring Reference'!$B$4/6 -> 0.05 | E11: =IF(C11="","",C11*D11) -> 0.15
A12: 2 | B12: Does the vendor encrypt sensitive data at rest and in transit? | C12: 3 | D12: ='Scoring Reference'!$B$4/6 -> 0.05 | E12: =IF(C12="","",C12*D12) -> 0.15
A13: 3 | B13: Does the vendor enforce MFA for administrative/remote access to systems handling your data? | C13: 3 | D13: ='Scoring Reference'!$B$4/6 -> 0.05 | E13: =IF(C13="","",C13*D13) -> 0.15
A14: 4 | B14: Does the vendor perform regular vulnerability scanning and penetration testing? | C14: 3 | D14: ='Scoring Reference'!$B$4/6 -> 0.05 | E14: =IF(C14="","",C14*D14) -> 0.15
A15: 5 | B15: Does the vendor have a documented, tested incident response plan? | C15: 3 | D15: ='Scoring Reference'!$B$4/6 -> 0.05 | E15: =IF(C15="","",C15*D15) -> 0.15
A16: 6 | B16: Does the vendor provide a current SOC 2 Type II report or equivalent (e.g., ISO 27001)? | C16: 3 | D16: ='Scoring Reference'!$B$4/6 -> 0.05 | E16: =IF(C16="","",C16*D16) -> 0.15
A17: Data Sensitivity / Compliance
A18: 7 | B18: Does the vendor process personally identifiable information (PII) or other regulated data? | C18: 3 | D18: ='Scoring Reference'!$B$5/5 -> 0.05 | E18: =IF(C18="","",C18*D18) -> 0.15
A19: 8 | B19: Is the vendor compliant with relevant regulations (e.g., GDPR, HIPAA, PCI-DSS) for the data it processes? | C19: 3 | D19: ='Scoring Reference'!$B$5/5 -> 0.05 | E19: =IF(C19="","",C19*D19) -> 0.15
A20: 9 | B20: Does the vendor disclose data residency/storage locations? | C20: 3 | D20: ='Scoring Reference'!$B$5/5 -> 0.05 | E20: =IF(C20="","",C20*D20) -> 0.15
A21: 10 | B21: Does the vendor have a documented data retention and secure destruction policy? | C21: 3 | D21: ='Scoring Reference'!$B$5/5 -> 0.05 | E21: =IF(C21="","",C21*D21) -> 0.15
A22: 11 | B22: Are the vendor's subprocessors/subcontractors identified and contractually bound to equivalent protections? | C22: 3 | D22: ='Scoring Reference'!$B$5/5 -> 0.05 | E22: =IF(C22="","",C22*D22) -> 0.15
A23: Operational / Business Continuity
A24: 12 | B24: Does the vendor have a documented business continuity / disaster recovery plan? | C24: 3 | D24: ='Scoring Reference'!$B$6/4 -> 0.05 | E24: =IF(C24="","",C24*D24) -> 0.15
A25: 13 | B25: Has the vendor tested its BCP/DR plan within the last 12 months? | C25: 3 | D25: ='Scoring Reference'!$B$6/4 -> 0.05 | E25: =IF(C25="","",C25*D25) -> 0.15
A26: 14 | B26: Does the vendor have redundancy to avoid single points of failure for critical services? | C26: 3 | D26: ='Scoring Reference'!$B$6/4 -> 0.05 | E26: =IF(C26="","",C26*D26) -> 0.15
A27: 15 | B27: What is the vendor's historical uptime/SLA performance? | C27: 3 | D27: ='Scoring Reference'!$B$6/4 -> 0.05 | E27: =IF(C27="","",C27*D27) -> 0.15
A28: Financial Stability
A29: 16 | B29: Is the vendor financially stable (no material solvency concerns, adverse credit signals)? | C29: 3 | D29: ='Scoring Reference'!$B$7/2 -> 0.075 | E29: =IF(C29="","",C29*D29) -> 0.225
A30: 17 | B30: Does the vendor have a healthy diversification of clients (not overly dependent on one client/industry)? | C30: 3 | D30: ='Scoring Reference'!$B$7/2 -> 0.075 | E30: =IF(C30="","",C30*D30) -> 0.225
A31: Reputational
A32: 18 | B32: Has the vendor experienced any publicly reported data breaches or major incidents in the last 3 years? | C32: 3 | D32: ='Scoring Reference'!$B$8/2 -> 0.05 | E32: =IF(C32="","",C32*D32) -> 0.15
A33: 19 | B33: Does the vendor have negative public/regulatory findings (fines, sanctions, litigation) relevant to this engagement? | C33: 3 | D33: ='Scoring Reference'!$B$8/2 -> 0.05 | E33: =IF(C33="","",C33*D33) -> 0.15
A35: Summary
A36: Security | D36: =IFERROR(AVERAGE(C11:C16),"") -> 3 | E36: Avg. rating
A37: Data Sensitivity / Compliance | D37: =IFERROR(AVERAGE(C18:C22),"") -> 3 | E37: Avg. rating
A38: Operational / Business Continuity | D38: =IFERROR(AVERAGE(C24:C27),"") -> 3 | E38: Avg. rating
A39: Financial Stability | D39: =IFERROR(AVERAGE(C29:C30),"") -> 3 | E39: Avg. rating
A40: Reputational | D40: =IFERROR(AVERAGE(C32:C33),"") -> 3 | E40: Avg. rating
A41: Overall Weighted Risk Score | D41: =IFERROR(SUMPRODUCT((C10:C33<>"")*C10:C33*D10:D33)/SUMPRODUCT((C10:C33<>"")*D10:D33),"") -> 3
A42: Resulting Risk Tier | D42: =IFERROR(IF(D41="","",IF(D41<=1.79,"Low",IF(D41<=2.59,"Medium",IF(D41<=3.79,"High","Critical")))),"") -> High
